cell_id,umap_1,umap_2,cell_type,Xkr4,Rp1,Sox17,Lypla1,Tcea1,Rgs20,Atp6v1h,Oprk1,Npbwr1,Rb1cc1,Alkal1,St18,Pcmtd1,Sntg1,Rrs1,Adhfe1,Vxn,Mybl1,Vcpip1,Sgk3,Mcmdc2,Tcf24,Ppp1r42,Cops5,Cspp1,Arfgef1,Cpa6,Prex2,Sulf1,Slco5a1,Prdm14,Ncoa2,Tram1,Lactb2,Xkr9,Eya1,Msc,Trpa1,Kcnb2,Terf1,Sbspon,Rdh10,Stau2,Ube2w,Eloc,Tmem70,Ly96,Jph1,Gdap1,Pi15,Crispld1,Crisp4,Defb18,Defb41,Tfap2d,Tfap2b,Pkhd1,Il17a,Il17f,Mcm3,Paqr8,Efhc1,Tram2,Tmem14a,Gsta3,Khdc1a,Khdc1c,Khdc1b,Kcnq5,Rims1,Ogfrl1,Smap1,Sdhaf4,Fam135a,Col9a1,Col19a1,Lmbrd1,Adgrb3,Phf3,Lgsn,Pih1d3,Khdrbs2,Prim2,Rab23,Bag2,Zfp451,Bend6,Dst,Ccdc115,Imp4,Ptpn18,Prss39,Cfc1,Prss40,Amer3,Arhgef4,Arhgef4.1,Fam168b,Plekhb2,Hs6st1
OPNA_Control_24h_AAACAAGCAAGCTAATACTTTAGG-1,-4.547746369,0.107689936,Excitatory Neurons,0.781668439,0,0,0,1.214980965,0,1.51630124,0,0,0.781668439,0,0,1.214980965,0,0,0,1.214980965,0,0,0,0,0,0,0.781668439,0.781668439,0.781668439,0,0,0,0,0,0,0,0.781668439,0,0,0,0,0,0,0,0,0,1.51630124,0,1.214980965,0,0,0,0,0,0,0,0,0,0,0,0,0,0,0,0,0,0,0.781668439,0,0,0,0,1.51630124,0,1.214980965,1.214980965,0,0,0,0.781668439,0,0,0,0,0,0,0.781668439,0,0,0,1.214980965,0,0,0,0,0,0,0,1.935221049,0,1.214980965,2.093182912,0.781668439
OPNA_Control_24h_AAACAAGCAAGGCTTAACTTTAGG-1,5.297730735,0.094845083,Astrocytes,0,0,0,0,0,0,1.760777047,0,0,0,0,0,0,0,0,0,0,0,0,0,0,0,0,0,1.760777047,0,0,1.760777047,0,0,0,0,0,0,0,0,0,0,0,0,0,0,0,0,2.36404808,0,0,0,0,0,0,0,0,0,0,0,0,0,0,0,3.009034542,0,0,1.760777047,0,0,0,0,0,0,0,0,0,1.760777047,0,0,0,0,0,0,0,0,0,0,0,0,0,2.36404808,1.760777047,1.760777047,0,0,0,0,1.760777047,0,0,0,1.760777047,0
OPNA_Control_24h_AAACAAGCAGACTCAAACTTTAGG-1,-2.930278012,-11.52358963,NPC,0,0,0,0,0,0,1.903265446,0,0,0,0,0,0,0,0,0,0,0,1.903265446,1.349080765,0,0,0,0,0,1.349080765,0,0,1.903265446,0,0,1.903265446,0,0,0,0,0,0,0,0,0,0,0,1.903265446,0,0,0,0,0,0,0,0,0,0,0,0,0,0,0,0,1.349080765,0,0,0,0,0,0,0,1.903265446,0,0,1.349080765,0,0,0,0,1.349080765,0,0,0,0,0,0,0,0,0,0,1.349080765,0,0,0,0,0,0,0,1.349080765,0,1.349080765,0,0
OPNA_Control_24h_AAACAAGCAGCTGCTCACTTTAGG-1,-7.732789704,4.816888314,Excitatory Neurons,0,0,0,0,0,0,0,0,0,1.286814294,0,0,0,0,0,0,1.83137497,0,0,0,0,0,0,0,0,1.286814294,0,0,0,0,0,0,0,0,0,0,0,0,0,0,0,0,0,0,0,0,0,1.83137497,0,0,0,0,0,0,0,0,0,0,0,0,0,0,0,0,0,0,0,0,0,1.286814294,0,0,0,0,0,0,0,1.286814294,0,0,0,0,0,0,0,0,1.286814294,2.44103556,0,0,0,0,0,0,1.286814294,1.83137497,0,0,1.286814294,0
OPNA_Control_24h_AAACAAGCATGGCCGAACTTTAGG-1,-9.619989106,6.116632443,Excitatory Neurons,0.5628925,0,0,0.5628925,0.920875129,0,0.920875129,0,0,0.5628925,0,0.5628925,0.5628925,0,0,0,0.5628925,0,0.5628925,0,0,0,0,0.920875129,0,1.183942823,0,0,0,0,0,1.392021581,0.5628925,0.5628925,0,0,0,0,0.5628925,0,0,0,0,0.5628925,0.920875129,0.920875129,0,1.392021581,0.5628925,0,0,0,0,0,0,0,0,0,0,0,0,0,0,0,0,0,0,0,0,1.183942823,0,0.920875129,0,0,0,0,1.183942823,0.5628925,0,0,0,0.5628925,0,0.5628925,0.5628925,0.5628925,0,0.920875129,0,0,0,0,0,0,0.920875129,2.231430619,0,1.392021581,1.183942823,0.920875129
OPNA_Control_24h_AAACCAATCAACCTCAACTTTAGG-1,-0.550488064,-2.528827447,Inhibitory Neurons,1.766383629,0,0,0,0,0,0.961857997,0,0,0.961857997,0,0,1.442936243,0,0.961857997,0,0.961857997,0,0,0,0,0,0,1.442936243,1.442936243,0.961857997,0,0,0,0,0,1.442936243,0,0,0,0,0,0,0,0,0,0,0.961857997,1.442936243,0,0.961857997,0,0.961857997,0.961857997,0,0,0,0,0,0,0,0,0,0,0,0,0,0,0.961857997,0,0,0,0,0,1.766383629,1.766383629,0,0,0.961857997,0,0,0.961857997,0,0,0,0,0,0,0,0,0.961857997,0.961857997,2.634219077,0,0,0,0,0,0,0.961857997,0.961857997,0,0,0.961857997,0.961857997
OPNA_Control_24h_AAACCAATCATCAGCCACTTTAGG-1,0.506386927,-7.516093749,Endothelial Cells,0,0,2.334191537,0,0.937472298,0,0.937472298,0,0,0.937472298,0,0,0,0,0.937472298,0,0,0,0,0,0,0,0,0,0,0,0,1.412701951,0,0,0,0,1.733522149,0,0,0,0,0,0,0.937472298,0,0,0,0.937472298,0,0,0,0,0,0,0,0,0,0,0,0,0,0,0,0,1.733522149,0,0,0,0,0,0,0,0,1.412701951,0,1.412701951,0,1.412701951,0,0,0,0,0,0,0,0,0,0,0,0,0,0,0,0,0,0,0,0,0,0,0,1.412701951,0,0
OPNA_Control_24h_AAACCAATCGGCTAGAACTTTAGG-1,2.541406682,4.523927193,OPCs,0,0,0,0,1.22797033,0,0,0,0,0,0,0,0,0,1.762774299,0,2.366232947,0,0,0,0,0,0,1.762774299,1.22797033,1.22797033,0,0,0,0,0,0,0,0,0,0,0,0,0,1.22797033,0,0,0,0,0,0,0,0,0,0,0,0,0,0,0,0,0,0,0,0,0,0,0,0,0,0,0,0,0,1.22797033,0,0,0,0,0,0,1.22797033,0,0,0,0,0,0,0,0,0,0,2.739920613,1.22797033,0,0,0,0,0,0,0,0,0,2.109349535,0
OPNA_Control_24h_AAACCAATCGGGCAGTACTTTAGG-1,6.559081367,9.378906708,Oligodendrocytes,0,0,0,0,0,0,0,0,0,0,0,2.844579794,0,0,3.50821644,0,0,0,0,2.207962936,0,0,0,0,0,0,0,0,0,0,0,0,0,0,0,0,0,0,0,0,0,0,0,0,0,0,0,0,0,0,0,0,0,0,0,0,0,0,0,0,0,0,0,0,0,0,0,0,0,0,0,0,0,0,0,0,2.207962936,0,0,0,0,0,0,0,0,0,0,2.844579794,0,0,0,0,0,0,0,0,0,0,0,0
OPNA_Control_24h_AAACCAGGTCGAAGTAACTTTAGG-1,6.986119559,5.462277394,Oligodendrocytes,0,0,0,0,0,1.355668909,0,0,0,1.355668909,0,1.910832051,0,0,1.910832051,0,0,0,0,0,0,0,0,0,0,0,0,1.910832051,0,0,0,0,1.355668909,0,0,0,0,0,0,0,0,1.355668909,0,0,0,0,0,1.355668909,0,0,0,0,0,0,0,0,0,0,0,0,0,0,0,0,0,0,0,0,0,1.355668909,0,0,0,0,0,0,1.355668909,0,0,0,0,0,0,0,0,0,0,2.26572037,0,0,0,0,0,0,0,1.355668909,0,0,0,0
OPNA_Control_24h_AAACCAGGTGCGCAAGACTTTAGG-1,4.991821578,-2.081904191,Astrocytes,0,0,0,0,0,0,0,0,0,1.462757601,0,0,0,0,1.462757601,0,0,0,0,0,0,0,0,0,0,0,0,0,1.462757601,0,0,1.462757601,0,0,0,1.462757601,0,0,0,0,0,0,0,0,0,1.462757601,0,0,0,0,0,0,0,0,0,0,0,0,0,0,1.462757601,0,0,0,0,0,0,0,0,0,0,0,0,0,0,0,2.032834626,0,1.462757601,0,0,0,0,0,0,0,0,1.462757601,0,0,0,0,0,0,0,2.393663614,0,0,0,0
OPNA_Control_24h_AAACCAGGTTAACCACACTTTAGG-1,-8.735951135,3.699913483,Excitatory Neurons,0,0,0,0,0,0,1.971364801,0,0,0,0,0,0,0,0,0,0,0,0,0,0,0,0,0,1.118466082,1.118466082,0,0,0,0,0,0,0,0,0,0,0,0,1.118466082,0,0,1.118466082,1.118466082,1.118466082,0,0,0,1.118466082,1.633215598,0,0,0,0,0,0,0,0,0,0,0,0,0,0,1.118466082,0,0,0,0,0,1.971364801,1.118466082,0,0,0,0,0,0,1.118466082,0,0,0,0,0,0,0,1.118466082,0,1.118466082,0,0,0,0,0,0,1.633215598,0,0,0,1.633215598,0
OPNA_Control_24h_AAACCAGGTTGCGAAAACTTTAGG-1,6.732145598,8.588831406,Oligodendrocytes,0,0,0,0,0,0,0,0,0,0,0,0,0,0,2.806512954,0,0,0,0,0,0,0,0,0,0,2.172026394,0,0,0,0,0,0,0,0,0,0,0,0,0,0,0,0,0,0,0,0,0,0,0,0,0,0,0,0,0,0,0,0,0,0,0,0,0,0,0,0,0,0,0,0,0,0,0,0,0,0,0,0,0,0,0,0,0,0,0,2.172026394,0,2.172026394,0,2.172026394,0,0,0,0,0,0,0,0,0,0
OPNA_Control_24h_AAACCAGGTTGCGGGAACTTTAGG-1,-0.445754805,-5.115866203,Inhibitory Neurons,0.814523314,0,0.48799672,0.48799672,0.48799672,0.814523314,1.060269343,0,0,0.48799672,0,0,1.060269343,0,0.814523314,0,0,0,0.814523314,0.48799672,0.48799672,0,0,0,0,0.48799672,0,0.814523314,0,0,0,1.060269343,0,0.48799672,0,0,0,0,0.814523314,0,0,0,1.060269343,1.421962505,0,0,0.48799672,0.48799672,0.48799672,0,0.48799672,0,0,0,0,0,0,0,0,0,1.060269343,0,0,0,0.48799672,0,0,0,0,1.563246746,0.814523314,0,0,1.257380299,0,0.814523314,0.814523314,0.48799672,0.814523314,0,0,0,0,0.48799672,0.48799672,0.48799672,0.48799672,1.896336511,0.48799672,0,0,0,0,0,0,1.257380299,0,1.563246746,1.797144287,0.48799672
OPNA_Control_24h_AAACCAGGTTGGGCGAACTTTAGG-1,-7.685650537,7.126535874,Excitatory Neurons,0,0,0,0,1.317909488,0,0.861962074,0,0,0.861962074,0,0.861962074,0.861962074,0,0,0,0,0,0,0.861962074,0,0,0,0,0,0.861962074,0,0,0,0,0,1.317909488,0.861962074,0,0,0,0,0,0.861962074,0,0,0,1.629908126,0.861962074,1.317909488,1.317909488,0.861962074,1.629908126,0,0,0,0,0,0,0,0,0,0,0,0,0,0,0,0.861962074,0,0,0,0,0,0,0.861962074,0.861962074,0,0,0,0,0.861962074,0.861962074,0,0,0,1.317909488,0,0,0,0,0.861962074,1.317909488,0,0,0,0,0,0,0.861962074,1.629908126,0,0,0.861962074,1.629908126
OPNA_Control_24h_AAACGGGCAATGGCCGACTTTAGG-1,7.993144324,7.70216034,Oligodendrocytes,0,0,0,0,0,0,0,0,0,0,0,0,0,0,0,0,0,0,0,0,0,0,0,0,0,0,0,0,0,0,0,0,0,0,0,0,0,0,0,0,0,0,2.281090349,0,0,0,0,0,0,0,0,0,0,0,0,0,0,0,0,0,2.281090349,0,0,0,0,0,0,0,0,0,0,0,0,2.281090349,0,0,2.281090349,0,2.281090349,0,0,0,0,0,0,0,0,2.921800033,0,0,0,0,0,0,0,0,0,0,2.281090349,0
OPNA_Control_24h_AAACGGGCATTGGGTAACTTTAGG-1,-3.204128453,1.855610829,Excitatory Neurons,0,0,0,0,0,0,1.709262773,0,0,1.709262773,0,0,0,0,0,0,0,0,0,1.709262773,0,0,0,0,1.709262773,0,0,0,0,0,0,0,0,0,0,0,0,0,0,0,0,0,0,1.709262773,0,0,0,0,0,0,0,0,0,0,0,0,0,0,0,0,0,0,0,0,0,0,0,0,0,0,0,0,0,0,0,0,0,0,0,0,0,0,0,0,1.709262773,0,0,1.709262773,0,0,0,0,0,0,1.709262773,0,0,0,0,0
OPNA_Control_24h_AAACGTTCAACCGTGGACTTTAGG-1,10.11846762,-5.038494605,Pericytes,0,0,0,0,0,0,2.144934076,0,0,0,0,0,0,0,0,0,2.144934076,0,2.144934076,0,0,0,0,0,0,0,0,0,0,0,0,0,0,0,0,2.144934076,0,0,0,0,0,0,0,0,0,0,0,0,0,0,0,0,0,0,0,0,0,0,0,0,0,0,0,0,0,0,0,0,0,0,0,0,0,0,0,0,0,0,0,0,0,0,0,0,0,0,0,2.144934076,0,0,0,0,0,0,0,0,0,0,0,0
OPNA_Control_24h_AAACGTTCACCTTCAGACTTTAGG-1,2.603389075,-6.436192531,Endothelial Cells,0,0,2.699320577,0,0,0,0,0,0,0,0,0,0,0,0,0,0,0,0,0,0,0,0,0,0,0,0,0,0,0,0,0,0,0,0,0,0,0,0,0,0,0,0,0,0,0,0,0,0,0,0,0,0,0,0,0,0,0,0,0,0,0,0,0,0,0,0,0,0,0,0,0,0,0,0,0,0,0,0,0,0,0,0,0,0,0,0,0,0,0,0,0,0,0,0,0,0,0,0,0
OPNA_Control_24h_AAACGTTCACGCAATAACTTTAGG-1,6.916309169,8.458849412,Oligodendrocytes,0,0,0,0,0,0,0,0,0,0,0,0,0,0,3.082444438,0,0,0,0,0,0,0,0,2.434124388,0,0,0,0,0,0,0,0,0,0,0,0,0,0,0,0,0,0,0,2.434124388,0,0,0,0,0,0,0,0,0,0,0,0,0,0,0,0,0,0,0,0,0,0,0,0,0,0,0,0,0,0,0,0,0,0,0,0,0,0,0,0,0,0,0,3.082444438,0,0,0,0,0,0,0,0,0,0,0,0
OPNA_Control_24h_AAACGTTCATATGGTGACTTTAGG-1,7.000397017,8.049135667,Oligodendrocytes,0,0,0,0,0,0,0,0,0,0,0,0,0,0,3.933051905,0,0,0,0,0,0,0,0,0,0,0,0,0,0,0,0,2.60384787,0,0,0,0,0,0,0,0,0,0,0,0,0,0,0,0,0,0,0,0,0,0,0,0,0,0,0,0,0,0,0,0,0,0,0,0,0,0,0,0,0,0,0,0,0,0,0,0,0,0,0,0,0,0,0,0,0,0,0,0,0,0,0,0,0,0,0,2.60384787
OPNA_Control_24h_AAACGTTCATGCTCCAACTTTAGG-1,4.445658496,5.285065632,OPCs,1.633879048,0,0,0,0,0,0,0,0,1.633879048,0,0,1.633879048,0,2.861906287,0,0,0,1.633879048,1.633879048,0,0,0,0,0,0,0,0,0,0,0,0,0,0,0,0,0,0,0,0,0,0,0,0,0,0,0,1.633879048,0,0,0,0,0,0,0,0,0,0,0,0,0,0,0,0,0,0,0,0,0,0,0,0,0,1.633879048,0,0,0,1.633879048,1.633879048,0,0,0,0,0,0,1.633879048,0,2.224344884,0,0,0,0,0,0,0,0,0,0,0,0
OPNA_Control_24h_AAACTGGGTACCTCAGACTTTAGG-1,6.400361827,9.375255089,Oligodendrocytes,0,0,0,0,2.474973548,0,0,0,0,0,0,0,0,0,4.014705291,0,0,0,0,0,0,0,0,0,0,0,0,0,0,0,0,0,0,0,0,0,0,0,0,0,0,0,0,0,0,0,0,0,0,0,0,0,0,0,0,0,0,0,0,0,0,0,0,0,0,0,0,0,0,0,0,0,0,0,0,0,0,0,0,0,0,0,0,0,0,0,0,2.474973548,0,0,0,0,0,0,0,0,0,0,0,0
OPNA_Control_24h_AAACTGGGTCATGATCACTTTAGG-1,3.21676164,-0.227396447,Astrocytes,0,0,0,0,0,0,0,0,0,0,0,0,0,0,0.901751348,0,1.36808686,0,0.901751348,0,0,0,0,0.901751348,0,0,0,1.36808686,0,0,0,0.901751348,0,1.36808686,0,0,0,0,0.901751348,0,0,0,1.925074301,0,0.901751348,0,0,0,0,0,0,0,0,0,0,0,0,0,0,0,2.118610876,0,0,0,0,0,0,0,1.36808686,0.901751348,0.901751348,0,0,0.901751348,0,0,1.36808686,1.684868806,0,0,0,2.280695969,0,0,0,0,0,1.925074301,0,0.901751348,0,0,0,0,0.901751348,0,0,0.901751348,0,0
OPNA_Control_24h_AAACTGGGTCCTTAGGACTTTAGG-1,-7.906795213,-0.972747046,Excitatory Neurons,0,0,0,0,0,0,2.201502659,0,0,0,0,0,0,0,1.613289008,0,0,0,0,0,0,0,0,0,0,0,0,0,0,0,0,0,0,0,0,0,0,0,2.201502659,0,0,0,0,1.613289008,0,0,0,0,0,0,0,0,0,0,0,0,0,0,0,0,0,0,0,1.613289008,0,0,0,0,1.613289008,1.613289008,0,0,0,0,0,0,0,0,0,0,0,0,0,0,0,0,0,0,0,0,0,0,0,0,0,0,0,0,0,0
OPNA_Control_24h_AAACTGGGTTAGAGGCACTTTAGG-1,-3.854834268,0.885891002,Excitatory Neurons,1.119576846,0,0,0,0,0,1.634543151,0,0,1.119576846,0,0,0,0,0,0,1.119576846,0,0,0,0,0,0,0,0,1.119576846,0,0,0,0,0,1.119576846,1.634543151,1.119576846,0,0,0,0,0,0,1.119576846,0,0,1.119576846,1.119576846,0,0,0,0,0,0,0,0,0,0,0,0,0,0,0,0,0,0,0,0,0,0,0,0,1.119576846,0,0,0,0,0,0,1.119576846,0,1.119576846,0,0,1.119576846,0,0,0,0,0,1.119576846,0,0,0,0,0,0,0,0,0,1.119576846,2.593861606,1.634543151
OPNA_Control_24h_AAACTGTCAACTTCGTACTTTAGG-1,5.931893638,-0.091735694,Astrocytes,0,0,0,0,0,1.974029361,0,0,0,0,0,0,0,0,0,0,0,0,0,0,0,0,0,0,0,0,0,0,0,0,0,0,0,0,0,0,0,0,0,0,0,0,0,0,0,0,0,0,0,0,0,0,0,0,0,0,0,0,0,0,1.974029361,0,0,0,0,0,0,0,0,0,1.974029361,0,0,0,0,0,0,0,0,0,0,0,0,0,0,0,0,0,0,1.974029361,0,0,0,0,0,0,0,0,0,0
OPNA_Control_24h_AAACTGTCAAGCCTAAACTTTAGG-1,4.826972297,-0.337649096,Astrocytes,0,0,0,0,0,1.728996119,1.728996119,0,0,1.199210614,0,0,1.199210614,0,0,0,1.199210614,0,1.199210614,0,0,0,0,0,0,1.199210614,0,0,0,0,0,1.199210614,0,0,0,0,0,0,0,0,0,0,1.199210614,1.199210614,1.728996119,1.199210614,0,0,0,0,0,0,0,0,0,0,0,0,0,0,0,0,0,0,0,0,0,0,1.199210614,0,0,0,0,0,0,0,1.199210614,1.199210614,0,0,0,0,0,0,0,0,0,1.728996119,0,0,0,0,0,0,0,1.199210614,0,1.728996119,1.728996119,0
OPNA_Control_24h_AAACTGTCACATTGTCACTTTAGG-1,4.192222884,-11.5261264,Microglia,0,0,0,0,0,0,0,0,0,0,0,0,0,0,0,0,0,0,0,0,0,0,0,0,0,0,0,0,0,0,0,3.42340204,0,0,0,0,0,0,0,0,0,0,0,0,0,0,0,0,0,0,0,0,0,0,0,0,0,0,0,0,0,0,0,0,0,0,0,0,0,0,0,0,0,0,0,0,0,0,0,0,0,0,0,0,0,0,0,0,0,0,0,0,0,0,0,0,0,0,0,0
OPNA_Control_24h_AAACTGTCACCATACTACTTTAGG-1,-5.336159417,6.853853684,Excitatory Neurons,1.371040456,0,0,0,1.371040456,0,0,0,0,0,0,0,0,0,0,0,1.371040456,0,0,0,0,0,0,0,1.371040456,1.928457995,0,0,0,0,0,0,0,0,0,0,0,0,1.371040456,0,0,0,0,0,0,0,1.371040456,0,0,0,1.371040456,0,0,0,0,0,0,0,0,0,0,0,0,0,0,0,0,0,0,2.546142029,1.371040456,1.371040456,0,0,0,0,0,1.371040456,0,0,0,0,0,0,0,1.371040456,0,1.928457995,0,0,0,0,0,0,0,1.371040456,0,0,0,0
OPNA_Control_24h_AAACTGTCACTAACAGACTTTAGG-1,2.223344377,-0.46183129,Astrocytes,1.116804482,0,0,0,0,0,1.116804482,0,0,0,0,1.116804482,0,0,0,0,1.631229164,0,0,0,0,0,0,0,0,0,0,1.116804482,1.116804482,0,0,1.116804482,1.631229164,0,0,0,0,0,0,0,0,0,1.116804482,0,0,1.116804482,0,0,0,0,0,0,0,0,0,0,0,0,0,0,0,0,0,0,0,0,0,0,0,1.116804482,0,0,0,0,0,0,1.116804482,0,0,0,0,0,0,1.116804482,0,0,0,1.631229164,0,0,0,0,0,0,0,1.116804482,0,1.969239898,1.116804482,1.116804482
OPNA_Control_24h_AAAGATGCACGTTACTACTTTAGG-1,10.92481356,-4.046051521,Pericytes,0,0,0,0,0,0,0,0,0,0,0,0,2.707117365,0,0,0,0,0,0,0,0,0,0,0,0,0,0,0,0,0,0,0,0,0,0,0,0,0,0,0,0,0,2.707117365,0,0,0,0,0,0,0,0,0,0,0,0,0,0,0,0,0,0,0,0,0,0,0,0,0,0,0,0,0,2.707117365,0,0,0,0,0,0,0,0,0,0,0,0,2.707117365,0,0,0,0,0,0,0,0,0,0,0,0,0,0
OPNA_Control_24h_AAAGATGCAGGTTTCTACTTTAGG-1,-8.504418084,-3.092033882,Excitatory Neurons,1.696230309,0,0,0,0,0,0,0,0,0,0,0,1.171452373,1.171452373,0,0,0,0,0,1.171452373,0,0,0,0,1.171452373,1.171452373,0,0,0,0,0,1.171452373,1.171452373,0,0,0,0,0,0,0,0,0,0,1.171452373,0,0,0,1.171452373,0,0,0,0,0,0,0,0,0,0,0,0,1.171452373,0,0,0,0,0,0,0,1.171452373,0,1.171452373,0,1.171452373,1.696230309,0,0,0,1.696230309,0,0,0,0,0,0,0,0,0,2.038623026,1.171452373,0,0,0,0,0,0,0,0,1.171452373,0,1.171452373
OPNA_Control_24h_AAAGATGCATCAGGTAACTTTAGG-1,-7.39314718,5.218896847,Excitatory Neurons,0,0,0,0,0,0,1.545730841,0,0,0,0,0,0,0,0,0,0,0,0,0,1.545730841,0,0,0,0,0,0,0,0,0,0,0,0,0,0,0,0,0,0,0,0,0,0,0,0,1.545730841,0,1.545730841,2.126181759,0,0,0,0,0,0,0,0,0,0,0,0,0,0,0,0,0,0,0,0,2.126181759,0,0,0,0,0,0,1.545730841,2.126181759,0,0,0,0,0,0,0,0,0,2.491070706,0,1.545730841,1.545730841,0,0,0,0,2.491070706,0,1.545730841,0,2.126181759
OPNA_Control_24h_AAAGATGCATGCAATGACTTTAGG-1,6.963345817,6.126051407,Oligodendrocytes,0,0,0,0,0,0,0,0,0,0,0,0,0,0,2.96654489,0,0,0,1.723868182,1.723868182,0,0,0,0,0,0,0,0,0,0,0,0,0,0,0,0,0,0,0,0,0,0,0,0,0,0,0,0,0,0,0,0,0,0,0,0,0,0,0,0,0,0,0,0,0,0,0,0,0,0,0,0,0,0,0,0,0,1.723868182,0,0,0,0,0,1.723868182,0,0,0,1.723868182,0,0,0,0,0,0,0,0,0,0,1.723868182,0
OPNA_Control_24h_AAAGATGCATGGCTTTACTTTAGG-1,-7.664922425,-3.542750615,Excitatory Neurons,1.25026858,0,0,0,0,0,2.136983954,0,0,1.25026858,0,0,0,0,0,0,0,0,0,0,0,0,0,0,1.25026858,1.25026858,0,0,0,0,0,0,1.25026858,0,0,0,0,0,0,0,0,0,0,0,0,0,0,0,1.25026858,0,0,0,0,0,0,0,0,0,0,0,0,0,0,0,0,0,0,0,0,1.25026858,0,0,0,0,0,0,2.914466014,0,0,0,0,0,0,1.25026858,0,0,0,1.788848743,0,0,0,0,0,0,0,2.136983954,0,0,1.25026858,0
OPNA_Control_24h_AAAGCATGTACAAACGACTTTAGG-1,7.808496764,6.255894643,Oligodendrocytes,0,0,0,0,0,0,0,0,0,0,0,0,0,0,3.217647842,0,0,0,0,0,0,0,0,0,0,0,0,0,0,0,0,0,0,0,0,0,0,0,0,0,0,0,0,0,0,0,0,0,0,0,0,0,0,0,0,0,0,0,0,0,0,0,0,0,0,0,0,0,0,0,0,0,0,0,0,0,0,0,0,0,0,0,0,0,0,1.756799401,0,2.359695567,0,0,0,0,0,0,0,0,0,0,0,0
OPNA_Control_24h_AAAGCATGTTGCACTGACTTTAGG-1,-4.008894631,-0.090317387,Excitatory Neurons,1.205725653,0,0,0,1.205725653,0,0,0,0,0,0,0,0,0,0,1.205725653,0,0,0,0,0,0,0,0,0,0,0,0,0,0,0,0,0,0,0,0,0,0,0,1.205725653,0,0,1.205725653,1.205725653,1.205725653,0,0,0,0,0,0,0,0,0,0,0,0,0,0,0,0,0,0,0,0,0,0,0,1.736662912,1.736662912,0,0,0,0,0,0,1.736662912,2.081632123,0,0,0,1.205725653,0,0,0,0,0,1.736662912,0,0,0,0,0,0,0,2.081632123,0,1.736662912,2.337636081,1.205725653
OPNA_Control_24h_AAAGCCTAGACAAAGGACTTTAGG-1,-8.271356294,6.244623166,Excitatory Neurons,2.017137949,0,0,1.448891238,0,0,0,0,0,0,0,0,0,0,0,0,1.448891238,0,0,0,0,0,0,0,0,0,0,1.448891238,0,0,0,2.017137949,1.448891238,0,0,1.448891238,0,0,0,0,0,0,0,1.448891238,0,0,0,2.017137949,0,0,0,0,0,0,0,0,0,0,0,0,0,0,0,0,0,0,0,0,0,2.377244512,1.448891238,0,1.448891238,0,0,0,2.017137949,0,0,0,0,0,0,0,0,0,1.448891238,2.017137949,0,0,0,0,0,0,1.448891238,1.448891238,0,0,1.448891238,0
OPNA_Control_24h_AAAGCCTAGTCATGAAACTTTAGG-1,5.572245887,-0.72183885,Microglia,0,0,0,0,0,0,0,0,0,0,0,0,0,0,0,1.654433925,0,0,0,0,0,0,0,0,0,0,0,3.421353839,0,0,0,0,2.247097424,0,0,0,0,0,0,0,0,0,0,0,0,0,0,0,0,0,0,0,0,0,0,0,0,0,0,0,2.247097424,0,0,0,0,0,0,0,0,0,0,0,0,0,0,0,2.247097424,0,0,0,0,0,0,0,0,0,0,2.247097424,0,1.654433925,0,0,0,0,0,0,0,1.654433925,0,1.654433925
OPNA_Control_24h_AAAGCCTAGTGCAACGACTTTAGG-1,-4.05186815,0.913479548,Excitatory Neurons,0.818858358,0,0,0,1.569392211,0,2.152628724,0,0,0,0,0,0,0,0,0,2.152628724,0,0,0,0,0,0,1.262944796,0,1.262944796,0,0,0,0,0,0.818858358,0,0,0,0,0,0,0,0,0,0,1.569392211,0.818858358,1.262944796,0,0,0.818858358,0,0,0,0,0,0,0,0,0,0,0,0,0,0,0,0.818858358,0,0,0,0,0.818858358,1.569392211,0.818858358,0,0.818858358,0,0,0,1.803628234,1.262944796,0.818858358,0,0,0.818858358,0,0,0,1.262944796,0.818858358,1.569392211,0,0,0,0,0,0,0,0,0,0.818858358,1.803628234,0
OPNA_Control_24h_AAAGCGAAGGATCCCTACTTTAGG-1,-3.590562532,1.652436119,Excitatory Neurons,1.339438944,0,0,0,0,0,0,0,0,1.339438944,0,0,0,0,0,0,0,0,0,0,1.339438944,0,0,0,0,0,0,0,0,0,0,0,1.339438944,0,0,0,0,0,0,0,0,0,1.339438944,0,0,0,0,1.892178217,0,0,0,0,0,0,0,0,0,0,0,0,0,0,0,1.339438944,0,0,0,0,0,2.24608926,0,0,0,1.339438944,0,0,1.339438944,2.713668193,0,0,0,0,0,0,0,1.892178217,0,2.24608926,0,0,0,0,0,0,0,0,0,0,0,1.339438944
OPNA_Control_24h_AAAGCGAAGGTTAGGTACTTTAGG-1,7.277612021,6.498900395,Oligodendrocytes,0,0,0,0,0,0,0,0,0,0,0,0,0,0,2.88195867,0,0,0,0,0,0,0,0,0,0,0,0,0,0,0,0,0,0,0,0,0,0,0,0,0,0,0,0,0,0,0,0,0,0,0,0,0,0,0,0,0,0,0,0,0,0,0,0,0,0,0,0,0,0,0,0,0,0,0,0,0,0,0,0,0,0,0,0,0,0,0,0,0,0,0,0,0,0,0,0,0,0,0,0,0
OPNA_Control_24h_AAAGCGAAGGTTCCGTACTTTAGG-1,-7.923090646,-0.497451622,Excitatory Neurons,1.395971856,0,0,0,0,0,1.10721912,0,0,1.10721912,0,0,1.802506483,0.699609239,0,0,1.395971856,0,1.10721912,0.699609239,0.699609239,0,0,1.10721912,0,0.699609239,0,0,0,0,0,0,1.395971856,0,0,0,0,0,0,0,0,0,1.10721912,0.699609239,0,0,0,0,0,0,0,0,0,0,0,0,0,0,0,0,0.699609239,0,0,0.699609239,0,0,0,0,1.619757256,2.409613585,0.699609239,0,0.699609239,0.699609239,0,0,1.395971856,1.802506483,0,0,0,0,0.699609239,0.699609239,0,0,0,1.395971856,0.699609239,0,0,0,0,0,0,1.395971856,0,0.699609239,0.699609239,0.699609239
OPNA_Control_24h_AAAGCGAAGTGAATCAACTTTAGG-1,-6.521974752,6.342666131,Excitatory Neurons,0,0,0,1.533645218,0,0,0,0,0,0,0,0,0,0,0,0,0,0,1.533645218,0,0,0,0,0,0,2.476969014,0,0,0,0,0,1.533645218,0,1.533645218,0,0,0,0,0,0,0,0,0,2.476969014,0,1.533645218,0,0,0,0,0,0,0,0,0,0,0,0,0,0,0,0,0,0,0,0,0,0,0,0,0,0,0,0,0,0,1.533645218,1.533645218,0,0,0,0,0,0,0,0,0,0,0,0,0,0,0,0,0,2.112644619,0,0,0,0
OPNA_Control_24h_AAAGCGAAGTTGCGCTACTTTAGG-1,8.158691695,7.238567334,Oligodendrocytes,0,0,0,0,0,0,0,0,0,0,0,0,0,0,3.134538193,0,0,0,0,1.870956511,0,0,0,0,0,0,0,0,0,0,0,0,0,0,0,0,0,0,0,0,0,0,0,0,0,0,0,0,0,0,0,0,0,0,0,0,0,0,0,0,0,0,0,0,0,0,0,0,0,1.870956511,0,0,0,0,0,0,1.870956511,0,0,0,0,0,0,0,0,0,0,0,0,0,0,0,0,0,0,0,0,1.870956511,0,0
OPNA_Control_24h_AAAGGCAAGAAAGGCAACTTTAGG-1,7.04491215,9.068262559,Oligodendrocytes,0,0,0,0,0,0,0,0,0,2.932674138,0,0,0,0,3.816490579,0,0,0,0,2.932674138,0,0,0,0,0,0,0,0,0,0,0,0,0,0,0,0,0,0,0,0,0,0,0,0,0,0,0,2.291411792,0,0,0,0,0,0,0,0,0,0,0,0,2.291411792,0,0,0,0,0,0,0,0,0,0,0,0,0,0,0,0,0,0,0,0,0,0,0,0,0,0,2.291411792,0,0,0,0,0,0,0,0,0,0,0,0
OPNA_Control_24h_AAAGGCAAGACCATTTACTTTAGG-1,-3.105241963,1.697185975,Excitatory Neurons,1.719717565,0,0,0,0,0,0,0,0,0,0,0,0,0,0,0,0,0,0,0,0,0,0,2.319039262,0,1.719717565,0,0,0,0,0,0,0,0,0,0,0,0,1.719717565,0,0,0,0,1.719717565,0,0,0,0,1.719717565,0,0,0,0,0,0,0,0,0,0,0,1.719717565,0,0,0,0,0,0,0,0,0,0,0,0,2.319039262,0,0,1.719717565,2.319039262,1.719717565,0,0,0,0,0,0,0,0,2.691165403,0,0,0,0,0,0,0,0,0,0,0,1.719717565
OPNA_Control_24h_AAAGGCAAGGCCAACAACTTTAGG-1,0.825230053,-0.091847945,Astrocytes,0.5625349,0,0,0,0,0.5625349,1.563515339,0,0.5625349,0.5625349,0,0,0.920375108,0,0,0,1.39139723,0,0.5625349,0.920375108,0,0,0,0.5625349,0.5625349,0.5625349,0,0,0,0,0,0.920375108,0,0,0,0,0,0,0.920375108,0,0,0,1.18336626,1.39139723,0.920375108,0,0,0,0.5625349,0,0,0,0,0,0,0,0,0,0,0,0,0,0,0.5625349,0,0,0,0,0.5625349,1.18336626,0,0,0,0.920375108,0,0,1.39139723,0.5625349,0,0,0,1.39139723,0,0.5625349,0,1.18336626,0.5625349,2.146066841,0,0,0,0,0,0,0,0.5625349,0,0.5625349,0.5625349,0.920375108
OPNA_Control_24h_AAAGGCAAGTTTCGGCACTTTAGG-1,8.634908965,7.447555047,Oligodendrocytes,0,0,0,0,0,0,0,0,0,1.839120882,0,0,0,0,2.825715652,0,0,0,0,1.839120882,0,0,0,0,0,0,0,0,0,0,0,0,0,0,0,0,0,0,0,0,0,0,0,0,0,0,0,0,0,0,0,0,0,0,0,0,0,0,0,0,0,0,0,0,0,0,0,0,0,0,0,0,1.839120882,0,0,0,1.839120882,0,0,0,0,0,0,0,0,0,0,2.825715652,0,0,0,0,0,0,0,0,0,0,0,0
OPNA_Control_24h_AAAGGCTTCAAGGTGTACTTTAGG-1,-0.081479022,-4.453729171,Inhibitory Neurons,0,0,0,0,1.220004975,0,1.220004975,0,0,1.220004975,0,0,0,0,1.220004975,0,1.220004975,0,1.753435942,0,0,0,0,0,0,1.753435942,0,0,0,0,0,0,1.220004975,0,0,0,0,0,0,0,0,0,0,0,0,0,0,1.220004975,0,0,0,0,0,0,0,0,0,0,0,0,1.220004975,0,0,0,0,0,0,0,1.220004975,2.356013847,1.220004975,0,0,0,0,1.753435942,1.220004975,0,1.220004975,0,0,0,0,0,0,1.220004975,1.753435942,1.220004975,0,0,0,0,0,0,0,0,0,2.099441913,0,1.220004975
OPNA_Control_24h_AAAGGCTTCACCCTGGACTTTAGG-1,7.387532523,6.954221707,Oligodendrocytes,1.853048364,0,0,0,0,0,0,0,0,0,0,0,0,0,0,0,1.853048364,0,0,0,0,0,0,1.853048364,0,0,0,0,0,0,0,0,1.853048364,0,0,0,0,0,0,0,0,0,0,0,0,0,0,0,0,0,0,0,0,0,0,0,0,0,0,0,2.464574027,0,0,0,0,0,0,0,0,0,1.853048364,0,0,0,0,0,0,0,0,0,0,0,0,0,0,0,0,1.853048364,0,0,0,0,0,0,0,1.853048364,0,0,0,0
OPNA_Control_24h_AAAGGCTTCACTCGCGACTTTAGG-1,8.533545783,6.284003239,Oligodendrocytes,0,0,0,0,2.441753767,0,0,0,0,0,0,0,0,0,3.09042221,0,0,0,0,2.441753767,0,0,0,0,0,2.441753767,0,0,0,0,0,0,0,0,0,0,0,0,0,0,0,0,0,0,0,0,0,0,0,0,0,0,0,0,0,0,0,0,0,0,0,0,0,0,0,0,0,0,0,0,0,0,0,0,0,0,2.441753767,0,0,0,0,0,0,0,0,0,0,3.4806103,0,0,0,0,0,0,0,2.441753767,0,0,0,0
OPNA_Control_24h_AAAGGCTTCCAAATAGACTTTAGG-1,7.392932227,6.359398823,Oligodendrocytes,0,0,0,0,0,0,1.385020714,0,0,0,0,0,1.385020714,0,0,0,0,0,0,0,0,0,0,1.385020714,0,0,0,0,0,0,0,0,0,0,0,0,0,0,0,0,0,0,0,1.385020714,0,1.385020714,0,0,0,0,0,0,0,0,0,0,0,0,0,0,1.385020714,0,0,0,0,0,0,0,0,0,0,0,0,0,0,0,1.385020714,0,0,0,0,0,0,0,0,0,0,1.385020714,1.385020714,0,0,0,0,0,1.385020714,0,0,0,1.385020714,0
OPNA_Control_24h_AAAGGGATCAATGTTCACTTTAGG-1,0.501707902,2.326126795,OPCs,1.198320941,0,0,0,0,0,1.497795572,0,0,0,0,0,0,0,0,0,1.72794848,0,1.198320941,0,0,0,0,0,1.497795572,0,0,0.768845139,0,0,0,0.768845139,1.198320941,0.768845139,0,0,0,0,0,0.768845139,0,0.768845139,0.768845139,0.768845139,0,0,0,0.768845139,0,0,0,0,0,0,0,0,0,0,0,0,0,0,0,0.768845139,0,0,0,0,1.198320941,0.768845139,0.768845139,0,0,0,0,0,1.198320941,1.497795572,0,0,0,2.072371707,0,0,0,0,0.768845139,2.328076188,0.768845139,0,0,0,0,0,0,0.768845139,0,1.497795572,0,0
OPNA_Control_24h_AAAGGGATCAGCACAGACTTTAGG-1,-3.715435693,1.215171557,Excitatory Neurons,0,0,0,0,0,0,1.834242367,0,0,2.444152234,0,0,0,0,0,0,0,0,0,1.834242367,0,0,0,1.834242367,0,0,0,0,0,0,0,0,0,0,0,0,0,0,0,0,0,0,0,0,0,0,0,0,0,0,0,0,0,0,0,0,0,0,0,0,0,0,0,0,0,0,0,0,2.820257294,1.834242367,0,0,0,0,0,0,0,0,1.834242367,0,0,1.834242367,1.834242367,1.834242367,0,1.834242367,1.834242367,1.834242367,0,0,0,0,0,0,1.834242367,0,0,0,0,0
OPNA_Control_24h_AAAGGTACACCGGTAGACTTTAGG-1,6.386919787,0.455567759,Astrocytes,0,0,0,0,0,0,0,0,0,0,0,0,0,0,0,0,0,0,0,0,0,0,0,0,0,2.444632751,0,2.444632751,0,0,0,0,0,0,0,2.444632751,0,0,0,0,0,0,0,0,0,0,0,0,0,0,0,0,0,0,0,0,0,0,0,0,3.483666294,0,0,0,0,0,0,0,0,0,0,0,0,2.444632751,0,0,2.444632751,0,0,0,0,0,0,0,0,0,0,0,0,0,0,0,0,0,0,0,0,3.093431941,0,0
OPNA_Control_24h_AAAGGTACATAGCGCGACTTTAGG-1,-7.196413705,5.940676671,Excitatory Neurons,1.188630882,0,0,0,0,0,1.188630882,0,0,1.188630882,0,0,0,0,0,0,0,0,0,0,1.188630882,0,0,1.188630882,0,0,0,0,0,0,0,0,0,0,0,0,0,0,0,1.188630882,0,0,1.716527132,0,0,1.188630882,0,0,0,0,0,0,0,0,0,0,0,0,0,0,1.188630882,0,0,0,0,0,0,0,0,2.315534441,1.188630882,0,0,1.188630882,0,0,0,1.188630882,1.188630882,0,0,0,0,0,0,1.716527132,0,0,0,0,0,0,0,0,1.188630882,1.188630882,0,1.716527132,0,0
OPNA_Control_24h_AAAGGTGAGACAAAGGACTTTAGG-1,3.468896916,0.655589502,Astrocytes,0.475598145,0,0,0,0.475598145,0,1.03919094,0,0,1.03919094,0,0.796584528,0,0,0.475598145,0.475598145,0.475598145,0,0,0,0,0,0,0.796584528,0.475598145,0,0,0.796584528,0,0,0,0.475598145,0.475598145,0,0,0,0,0,0,0,0,0,1.03919094,1.234280426,0,0.475598145,0.475598145,0.475598145,0,0,0,0,0,0,0,0,0,0,0,0,2.041056604,0,0.475598145,1.03919094,0,0,0,0,0.475598145,1.770163017,0,0.475598145,0,0,0,0,1.234280426,1.397452268,0.475598145,0,0,0,0,0.475598145,0,0.475598145,0,1.770163017,0,0,0,0,0,0,1.234280426,1.234280426,0,1.03919094,0.796584528,0.475598145
OPNA_Control_24h_AAAGGTGAGTGATTTCACTTTAGG-1,-7.367316434,0.102906224,Excitatory Neurons,0.972980892,0,0,0,0.972980892,0,0.972980892,0,0,0.972980892,0,1.456668766,0,0,1.78128124,0,0,0,0,0,0,0,0,0,1.456668766,0,0,0,0,0,0,1.456668766,0,0,0,0,0,0,0.972980892,0,0,0,1.456668766,1.78128124,0,0.972980892,0,0,0,0,0,0,0,0,0,0,0,0,0,0,0,0,0,0,0,0,0,0,0,1.78128124,0,0.972980892,0,0,0,0,0.972980892,0.972980892,0,0,0,0,0,0,0,0.972980892,0,0,0.972980892,0,0,0,0,0,0,1.456668766,0,0.972980892,0.972980892,0.972980892
OPNA_Control_24h_AAAGTAGCACCTCGACACTTTAGG-1,6.603108218,9.059133034,Oligodendrocytes,0,0,0,0,0,0,0,0,0,0,0,0,0,0,4.128241873,0,0,0,0,0,0,0,0,0,0,0,0,0,0,0,0,0,0,0,0,0,0,0,0,0,0,0,0,0,0,0,0,0,0,0,0,0,0,0,0,0,0,0,0,0,0,0,0,0,0,0,0,0,0,0,0,0,0,0,0,0,0,0,0,0,0,0,0,0,0,2.789149309,0,3.845915825,0,0,0,0,0,0,0,0,0,0,0,0
OPNA_Control_24h_AAAGTAGCAGCTCGCTACTTTAGG-1,8.041603377,8.786796075,Oligodendrocytes,0,0,0,0,0,0,0,0,0,0,0,0,0,0,2.925131913,0,0,0,0,0,0,0,0,0,0,0,0,0,0,0,0,0,0,0,0,0,0,0,0,0,0,0,0,0,0,0,0,0,0,0,0,0,0,0,0,0,0,0,0,0,0,0,0,0,2.925131913,0,0,0,0,0,0,0,0,0,0,0,0,0,2.925131913,0,0,0,0,0,0,2.925131913,0,2.925131913,0,0,0,0,0,0,0,0,0,0,0,0
OPNA_Control_24h_AAAGTAGCATGCTCCAACTTTAGG-1,2.574772885,4.918977719,OPCs,0,0,0,0,0,0,0,0,0,0,0,0,0,0,0,0,0,0,0,0,0,0,0,0,0,0,0,0,0,0,0,0,0,0,0,0,0,0,0,0,0,0,0,1.962374992,0,0,0,0,0,0,0,0,0,0,0,0,0,0,0,0,1.962374992,0,0,0,0,0,0,0,0,0,0,0,0,0,0,0,0,0,0,0,0,0,0,0,0,0,0,3.629587087,0,0,0,0,0,0,0,0,0,0,0,0
OPNA_Control_24h_AAAGTCATCAATTGGAACTTTAGG-1,3.247418216,1.030589204,Astrocytes,0,0,0,0.565507332,0.565507332,0.565507332,0.924529208,0,0,0,0,0.924529208,0,0.565507332,1.188154928,0,0,0,0.924529208,0,0,0,0,0.924529208,0.565507332,0.565507332,0,0.924529208,0,0,0,1.188154928,0,0,0,0.565507332,0,0,0,0.565507332,0,0.565507332,0.565507332,0.924529208,0,0,0,0.565507332,1.188154928,0,0,0,0,0,0,0,0,0,0,0,1.396581895,0,0,0.565507332,0,0,0,0,0,0.565507332,1.188154928,0,0.565507332,0.924529208,0,0,1.71596563,0.924529208,0,0,0,0,0,0,0,1.188154928,0,1.71596563,0,0,0,0,0,0,0,0.924529208,0,0.924529208,0.924529208,0
OPNA_Control_24h_AAAGTCATCACAGGGCACTTTAGG-1,-9.36811609,5.261352521,Excitatory Neurons,0,0,0,0,1.453772176,0,0,0,0,1.453772176,0,0,0,0,0,0,0,0,0,0,0,0,0,0,0.970632335,0,0,0,0,0,0,0,0,0,0,0.970632335,0,0,0,0.970632335,0,0.970632335,0.970632335,0.970632335,0,0,0,0.970632335,0,0,0,0,0,0,0,0,0,0,0,0,0,0,0,0,0,0,0,0,0,1.453772176,0.970632335,1.453772176,0,0,0,0,1.778140341,0,0,0,0,0.970632335,0,0,0,0,0,1.453772176,0.970632335,0,0,0,0,0,1.778140341,0.970632335,0,0,0.970632335,0.970632335
OPNA_Control_24h_AAAGTCATCAGTTTACACTTTAGG-1,-5.8483798,7.057934743,Excitatory Neurons,0,0,0,0,0,0,0,0,0,0,0,0,0,2.225448975,0,0,0,0,0,0,0,0,0,0,1.634875449,0,0,1.634875449,0,0,0,0,0,0,0,1.634875449,0,0,0,0,0,0,0,0,1.634875449,0,0,0,0,0,0,0,0,0,0,0,0,0,0,0,0,0,0,0,0,0,0,0,0,2.225448975,0,0,0,0,0,0,2.225448975,2.225448975,0,0,0,1.634875449,0,0,0,0,0,0,0,0,0,0,0,0,1.634875449,0,0,1.634875449,0,0
OPNA_Control_24h_AAAGTCATCCAACTTGACTTTAGG-1,-2.683287332,-0.471807319,Excitatory Neurons,1.281620373,0,0,0,0.833446446,0,1.825346506,0,0,0,0,0,1.58999176,0,0,0,0,0,0.833446446,0,0,0,0,0.833446446,1.281620373,0,0,0,0,0,0,0,1.58999176,0.833446446,0,0,0,0,0.833446446,0,0,0,1.281620373,0,0,0,0,0,1.281620373,0,0,0,0,0,0,0,0,0,0,0,0,0,0,0,0,0,0,0,0.833446446,1.58999176,0,1.281620373,0,0.833446446,0,0,1.281620373,0.833446446,0.833446446,0,0,0.833446446,0,0.833446446,0,1.281620373,0.833446446,1.58999176,0,0,0,0,0,0,0,0,0,0.833446446,0,1.58999176
OPNA_Control_24h_AAAGTCATCCGCAACTACTTTAGG-1,10.48510771,-4.292677898,Pericytes,0,0,0,0,0,0,0,0,0,0,0,0,0,0,0,0,0,0,2.887542902,0,0,0,0,0,0,0,0,2.248612029,0,0,0,0,0,0,0,2.887542902,0,0,0,0,0,0,0,0,2.248612029,0,0,0,0,0,0,0,0,0,0,0,0,0,0,0,0,0,0,0,0,0,0,0,0,0,0,0,0,0,0,0,2.248612029,0,0,0,0,0,2.248612029,0,0,0,0,0,0,0,0,0,0,0,0,2.248612029,0,2.248612029,0,0
OPNA_Control_24h_AAAGTCATCCTTAGGCACTTTAGG-1,7.340454867,8.631695252,Oligodendrocytes,0,0,0,0,0,0,0,0,0,0,0,0,0,0,0,0,0,0,0,0,0,0,0,0,0,0,0,0,0,0,0,3.153655457,0,0,0,0,0,0,0,0,0,0,0,0,0,0,0,0,0,0,0,0,0,0,0,0,0,0,0,0,0,0,0,0,0,0,0,0,0,0,0,0,0,0,0,0,0,0,0,0,0,0,0,0,0,2.502317721,0,0,0,0,0,0,0,0,0,0,0,0,0,0
OPNA_Control_24h_AAAGTCATCGAAGTTAACTTTAGG-1,1.915083936,4.000407916,OPCs,1.880312867,0,0,0,0,0,0,0,0,0,0,0,1.880312867,0,0,0,1.880312867,0,1.880312867,0,0,0,0,0,0,0,0,0,0,0,0,0,0,0,0,0,0,0,0,1.880312867,0,0,0,0,0,0,0,0,0,0,0,0,0,0,0,0,0,0,0,0,0,0,0,0,0,0,0,0,0,1.880312867,1.880312867,0,0,0,0,0,0,1.880312867,0,0,0,0,0,0,0,1.880312867,0,0,0,0,0,0,0,0,0,0,0,0,2.494123305,0
OPNA_Control_24h_AAAGTGCTCCACAACCACTTTAGG-1,6.150596431,9.54407261,Oligodendrocytes,0,0,0,0,0,0,0,0,0,0,0,0,0,0,0,0,0,0,0,0,0,0,0,0,0,0,0,0,0,0,0,0,0,0,0,0,0,0,0,0,0,0,0,0,0,0,0,0,0,0,0,0,0,0,0,0,0,0,0,0,0,0,0,0,0,0,0,0,0,0,0,0,0,0,0,0,0,0,0,0,0,0,0,0,0,0,0,0,0,0,0,0,0,0,0,0,0,0,0,0
OPNA_Control_24h_AAAGTGCTCCCGCTGAACTTTAGG-1,2.77547746,2.208092433,OPCs,0,0,0,0,0,0.816174067,0,0,0,1.259500025,0,0.816174067,1.259500025,0,1.989126751,0,1.565588205,0,0.816174067,0,0,0,0,1.259500025,0,1.259500025,0,0,0,0,0,1.565588205,0.816174067,0,0,1.259500025,0,0,0,0,0,0,0,0,0.816174067,0.816174067,0.816174067,0,0,0,0,0,0,0,0,0,0,0,0,0,0.816174067,0,0,1.259500025,0,0,0,0,0,0,0,0,0,0.816174067,0,0,1.259500025,0,0.816174067,0,0,0,0,0,0,0,0.816174067,2.781421835,0,0,0,0,0,0,0,0,0,0,0.816174067,1.259500025
OPNA_Control_24h_AAAGTGCTCCGCCATGACTTTAGG-1,-2.830413768,-1.061089296,Excitatory Neurons,0,0,0,0,1.057440532,0,1.559824411,0,0,1.057440532,0,0,0,1.057440532,0,0,0,0,1.057440532,0,0,0,0,0,1.057440532,1.057440532,1.559824411,0,0,0,0,1.057440532,0,0,0,0,0,0,0,0,0,0,0,1.559824411,0,0,0,0,0,0,0,0,0,0,0,0,0,0,0,0,1.559824411,0,0,0,0,0,0,0,0,0,0,0,0,1.559824411,0,0,1.057440532,0,0,0,0,1.559824411,0,0,0,0,1.057440532,1.892656827,0,0,0,0,0,0,0,1.057440532,0,1.057440532,1.057440532,0
OPNA_Control_24h_AAAGTGCTCCGTTAGCACTTTAGG-1,10.38090163,-4.927631397,Pericytes,0,0,0,0,1.746561331,0,0,0,0,1.746561331,0,0,0,0,0,0,0,0,0,0,0,0,0,0,0,0,0,1.746561331,0,0,0,0,1.746561331,0,0,0,0,0,0,0,0,0,0,0,0,0,0,0,0,0,0,0,0,0,0,0,0,0,0,0,0,0,0,0,0,0,0,0,0,0,0,1.746561331,0,0,0,0,0,0,0,0,0,0,0,0,0,0,0,0,0,0,0,0,0,0,0,0,0,0,0,0
OPNA_Control_24h_AAAGTGCTCGATTATCACTTTAGG-1,10.01474791,-4.90835287,Pericytes,0,0,0,0,0,0,0,0,0,0,0,0,0,0,0,0,0,0,0,0,0,0,0,0,0,0,0,0,0,0,0,0,0,0,0,0,0,0,0,0,0,0,0,0,0,0,0,0,0,0,0,0,0,0,0,0,0,0,0,0,1.722733741,0,0,0,0,0,0,0,0,0,0,0,0,0,0,0,0,0,0,0,0,0,0,0,0,1.722733741,0,1.722733741,0,0,0,0,0,0,0,0,0,0,0,0
OPNA_Control_24h_AAAGTGCTCTAGTTACACTTTAGG-1,-5.728072354,6.134246808,Excitatory Neurons,1.364063044,0,0,0,0,0,0,0,0,0,0,0,0,0,0,0,0,0,1.364063044,0,0,0,0,0,0,1.920462197,0,0,0,0,0,2.275847584,0,0,0,0,0,0,0,0,0,0,0,1.364063044,1.364063044,1.920462197,0,0,0,0,0,0,0,0,0,0,0,0,0,0,1.364063044,0,0,1.920462197,0,0,0,0,0,0,0,0,0,0,0,0,1.364063044,0,0,0,0,0,0,0,0,0,0,1.364063044,0,0,0,0,0,0,1.364063044,1.364063044,0,0,1.364063044,1.364063044
OPNA_Control_24h_AAATCACCAAATACCGACTTTAGG-1,1.854836753,3.552269917,OPCs,0,0,0,0,0,0,0,0,0,0,0,0,0,0,0,0,1.832476471,0,0,0,0,0,0,0,0,0,0,0,0,0,0,0,0,0,0,1.832476471,0,0,0,0,0,0,1.832476471,0,0,0,0,0,1.832476471,0,0,0,0,0,0,0,0,0,0,0,1.832476471,0,0,1.832476471,0,0,0,0,0,0,1.832476471,0,0,0,0,0,1.832476471,0,0,0,0,1.832476471,0,0,0,0,0,2.442232913,0,0,0,0,0,0,0,1.832476471,0,0,1.832476471,0
OPNA_Control_24h_AAATCACCACATACCTACTTTAGG-1,-4.961798379,6.743502598,Excitatory Neurons,1.788433893,0,0,0,0,0,0,0,0,0,0,1.788433893,0,0,0,0,0,0,0,0,0,0,0,0,1.788433893,0,0,0,0,0,0,0,0,0,0,0,0,0,0,0,0,0,0,0,0,0,0,1.788433893,1.788433893,0,0,0,0,0,0,0,0,0,0,0,1.788433893,0,0,0,0,0,0,0,0,1.788433893,2.394266822,0,0,0,0,0,1.788433893,0,0,0,0,1.788433893,0,0,0,0,0,2.394266822,0,0,0,0,0,0,0,1.788433893,0,0,0,0
OPNA_Control_24h_AAATCACCACATAGTGACTTTAGG-1,4.297111323,7.209298115,Oligodendrocytes,0,0,0,0,1.289858252,0,0,0,0,1.289858252,0,0,0,0,1.289858252,0,0,0,0,0,0,0,0,0,0,1.289858252,0,0,0,0,0,0,0,0,0,0,0,0,0,0,0,1.289858252,0,0,0,0,0,1.289858252,0,0,0,0,0,0,0,0,0,0,0,0,1.289858252,0,0,1.289858252,0,0,0,0,0,2.444873112,0,1.289858252,1.289858252,1.289858252,0,0,0,0,0,0,0,0,0,0,0,0,0,1.834905689,1.289858252,0,0,0,0,0,1.289858252,0,0,0,1.289858252,0
OPNA_Control_24h_AAATCACCATAGACGCACTTTAGG-1,-7.763344476,-3.029221076,Excitatory Neurons,1.209342795,0,0,0,0,0,1.209342795,0,0,0,0,0,0,0,0,0,1.209342795,0,0,0,0,0,0,1.740915705,0,0,0,0,0,0,0,0,0,0,0,0,0,0,0,0,0,0,1.209342795,1.209342795,0,0,0,0,0,0,0,0,0,0,0,0,0,0,0,0,0,0,0,0,0,0,0,0,0,0,0,1.209342795,0,0,0,0,0,1.740915705,0,0,0,0,0,0,0,0,0,0,1.209342795,0,0,0,0,0,1.209342795,1.209342795,0,1.740915705,0,0
OPNA_Control_24h_AAATCACCATCCGGAGACTTTAGG-1,6.727833083,9.366209489,Oligodendrocytes,0,0,0,0,0,0,0,0,0,2.528446976,0,2.528446976,0,0,3.180885266,0,0,0,0,0,0,0,0,0,0,0,0,0,0,0,0,0,0,0,0,0,0,0,0,0,0,0,0,0,0,2.528446976,0,0,0,0,0,0,0,0,0,0,0,0,0,0,0,0,0,0,0,0,0,0,0,0,0,0,0,0,0,0,0,0,0,0,0,0,0,0,0,0,0,0,0,0,0,0,0,0,0,0,0,0,0,0
OPNA_Control_24h_AAATCCTTCAAACCGGACTTTAGG-1,2.315722039,-6.597636718,Endothelial Cells,0,0,2.160738446,0,0,0,0,0,0,1.576660885,0,0,0,0,1.576660885,0,2.160738446,0,0,0,0,0,0,1.576660885,0,0,0,0,0,0,0,0,0,0,0,0,0,0,0,0,0,0,0,0,0,0,0,1.576660885,0,0,0,0,0,0,0,0,0,0,0,0,0,0,0,0,0,0,0,0,0,0,0,0,0,0,0,0,0,0,0,0,0,0,0,0,0,0,0,2.794538942,0,0,0,0,0,0,0,0,0,0,0,0
OPNA_Control_24h_AAATCCTTCAAGGTGTACTTTAGG-1,4.655976108,-0.340882201,Astrocytes,0,0,0,0,0,0,0,0,0,0,0,0,0,0,0,0,1.245489435,0,0,0,0,0,0,0,1.245489435,0,0,1.245489435,0,0,0,1.245489435,0,0,0,1.78326852,0,0,0,0,0,0,0,0,1.245489435,1.245489435,0,0,0,0,0,0,0,0,0,0,0,0,0,0,1.245489435,0,0,1.245489435,0,0,0,0,0,0,1.78326852,0,0,0,0,0,1.78326852,0,0,0,0,0,0,0,0,0,0,1.245489435,0,0,0,0,0,0,0,1.78326852,0,1.78326852,0,0
OPNA_Control_24h_AAATCCTTCCTAAAGAACTTTAGG-1,-0.647595772,-4.663347263,Inhibitory Neurons,2.194030962,0,0,0,0,0,0,0,0,0,0,0,0,0,0,0,0,0,0,1.606564118,0,0,0,0,2.194030962,1.606564118,0,0,0,0,0,0,0,0,0,0,0,0,0,0,0,1.606564118,1.606564118,1.606564118,0,0,0,0,0,0,0,0,0,0,0,0,0,0,0,0,0,0,0,1.606564118,0,0,0,0,0,2.561632707,1.606564118,0,0,1.606564118,0,0,0,0,1.606564118,0,0,1.606564118,0,0,0,0,0,0,0,0,0,0,0,0,0,1.606564118,0,0,1.606564118,0
OPNA_Control_24h_AAATCCTTCGATTACTACTTTAGG-1,6.429487994,0.525110465,Astrocytes,0,0,0,0,0,3.162823361,0,0,0,0,0,0,0,0,0,1.89601581,0,0,0,0,0,0,0,0,0,0,0,0,0,0,0,0,0,0,0,0,0,0,0,0,0,0,1.89601581,0,0,0,0,0,0,0,0,0,0,0,0,0,0,0,0,0,2.889144822,0,0,0,0,0,0,0,0,0,0,0,0,0,0,0,2.511111868,0,0,0,0,0,0,0,0,0,0,1.89601581,0,0,0,0,0,0,0,1.89601581,0,0,1.89601581,0
OPNA_Control_24h_AAATCCTTCTATCGGCACTTTAGG-1,-6.469368646,6.304959756,Excitatory Neurons,0,0,0,0,0,0,0,0,0,1.670707177,0,0,0,0,0,0,0,0,0,0,0,0,0,1.149927162,0,1.149927162,0,0,0,0,0,0,0,0,0,0,0,0,0,0,0,1.149927162,1.670707177,1.670707177,0,1.149927162,0,1.149927162,0,0,0,0,0,0,0,0,0,0,0,0,0,0,0,0,0,0,0,0,0,2.011415433,0,0,1.149927162,1.149927162,0,0,0,1.149927162,0,0,0,0,0,0,0,1.149927162,0,0,0,0,0,0,0,0,2.011415433,0,0,0,1.670707177,0
OPNA_Control_24h_AAATCCTTCTTCGCCCACTTTAGG-1,9.395244887,-5.24791481,Pericytes,0,0,0,0,0,0,0,0,0,0,0,0,1.657863888,0,0,0,0,0,0,1.657863888,0,0,0,0,0,1.657863888,0,0,1.657863888,0,0,0,1.657863888,0,0,1.657863888,0,0,0,1.657863888,0,0,0,0,0,0,0,0,0,0,0,0,0,0,0,0,0,0,0,0,0,0,0,0,0,0,0,0,0,1.657863888,0,0,0,0,0,0,0,0,0,0,0,0,0,1.657863888,0,0,0,0,1.657863888,0,0,0,0,0,0,0,0,1.657863888,0,0
OPNA_Control_24h_AAATCGATCAACCAAAACTTTAGG-1,5.389246753,9.346434098,Oligodendrocytes,0,0,0,0,0,0,0,0,0,0,0,0,0,0,2.876409108,0,0,0,0,0,0,0,0,0,0,0,0,0,0,0,0,0,0,0,0,0,0,0,0,0,0,0,0,0,0,0,0,0,0,0,0,0,0,0,0,0,0,0,0,0,0,0,0,0,0,0,0,0,0,0,0,0,0,0,0,0,0,0,0,0,0,0,0,0,0,0,0,3.936740131,0,0,0,0,0,0,0,0,0,0,0,3.5409836
OPNA_Control_24h_AAATCGATCAGCTACCACTTTAGG-1,-8.18640537,6.696865063,Excitatory Neurons,0,0,0,0,0,0,1.224227383,0,0,1.224227383,0,0,0,0,0,0,1.224227383,0,0,0,0,0,0,0,0,0,0,0,0,0,0,1.758387772,0,0,0,0,0,0,0,0,0,0,0,1.224227383,0,0,0,1.224227383,1.224227383,0,0,0,0,0,0,0,0,0,0,0,0,0,0,0,0,0,0,0,0,2.104696307,1.224227383,0,0,0,0,0,1.224227383,0,1.758387772,0,0,0,0,1.224227383,0,0,0,0,0,0,0,0,0,0,1.224227383,0,0,0,0,0
OPNA_Control_24h_AAATCGATCGTTAACTACTTTAGG-1,-9.341834733,5.029965859,Excitatory Neurons,1.469937155,0,0,0,0,0,0.98375531,0,0,0,0,0,0,0,0,0,0,0,0.98375531,0,0,0,0,0,0.98375531,0,0,0.98375531,0,0,0,0,0,0,0,0.98375531,0,0,0.98375531,0,0,0.98375531,0.98375531,0.98375531,0.98375531,0.98375531,0,0.98375531,0.98375531,0,0,0,0,0,0,0,0,0,0,0,1.469937155,0,0,0,0,0,0,0,0,0,0.98375531,0.98375531,0,0,0,0,0.98375531,0.98375531,1.469937155,0,0,0,0,0.98375531,0,0,0,2.040950636,0.98375531,0,0,0,0,0,0,0,0,2.040950636,1.469937155,0
OPNA_Control_24h_AAATGAGCAATCATCCACTTTAGG-1,-5.576421926,7.06465767,Excitatory Neurons,1.475636578,0,0,0,1.475636578,0,1.475636578,0,0,1.475636578,0,0,0,0,0,0,0,0,0,0,0,0,0,0,0,1.475636578,0,0,0,0,0,0,0,0,0,0,0,0,0,1.475636578,0,1.475636578,0,0,0,0,0,0,0,0,0,0,0,0,0,0,0,0,0,0,1.475636578,0,0,0,0,0,0,0,0,0,0,0,0,0,0,0,0,1.475636578,2.047388065,0,0,0,1.475636578,0,0,0,2.047388065,0,0,0,0,0,0,0,0,2.673822848,0,0,0,0
OPNA_Control_24h_AAATGAGCACCAGCTCACTTTAGG-1,-8.117808053,-2.332368869,Excitatory Neurons,0,0,0,0,0,0,0,0,0,1.269990704,0,1.269990704,0,0,0,0,0,0,0,0,1.269990704,0,0,0,0,1.269990704,0,0,0,0,0,0,2.161304713,0,0,0,0,0,0,0,0,0,1.269990704,0,1.269990704,1.269990704,0,1.269990704,0,0,0,0,0,0,0,0,0,0,0,0,0,0,0,1.269990704,1.269990704,0,0,0,0,0,0,1.269990704,0,1.269990704,0,0,1.811829859,0,0,0,0,1.269990704,0,0,0,0,0,1.269990704,0,0,0,0,0,0,1.269990704,0,0,1.269990704,0,0
OPNA_Control_24h_AAATGAGCATACTTGCACTTTAGG-1,-7.276954839,-3.439333934,Excitatory Neurons,1.082648687,0,0,0.501278075,0.501278075,0.833630435,0.833630435,0,0,0.833630435,0,0,1.28185543,0.833630435,0.833630435,0,1.28185543,0,0.501278075,0.501278075,0,0,0,0.833630435,1.082648687,0.833630435,0,0.501278075,0,0,0,0.833630435,0.501278075,0,0,0,0,0,0.501278075,0,0,0,0,0.833630435,0.501278075,0.501278075,0,0,0,0,0.501278075,0,0,0,0,0,0,0,0,0,0.501278075,0,0,0.833630435,0,0,0,0,0.501278075,1.082648687,0.501278075,1.082648687,0.501278075,0.501278075,0,0,1.590250781,1.447894751,1.082648687,0,0,0.833630435,0,0.501278075,0,0,0.501278075,1.447894751,0,0,0,0,0,0,0.501278075,1.082648687,0,1.082648687,0.833630435,0.501278075
OPNA_Control_24h_AAATGAGCATGCGCAGACTTTAGG-1,5.184933951,-2.054058809,Astrocytes,0,0,0,0,1.159001057,0,0,0,0,0,0,0,0,0,0,1.159001057,0,0,0,0,0,0,0,1.159001057,0,0,0,1.681478835,0,0,0,0,1.159001057,0,0,0,0,0,0,0,0,0,0,1.681478835,0,0,0,0,0,0,0,0,0,0,0,0,0,0,0,0,2.47936981,0,0,1.681478835,0,0,0,0,0,1.159001057,0,0,0,1.159001057,0,0,2.27695885,0,1.159001057,0,0,0,0,0,0,0,0,1.681478835,0,0,0,0,0,0,0,1.681478835,0,2.022903586,1.159001057,1.159001057
OPNA_Control_24h_AAATGAGCATGTGGGTACTTTAGG-1,-1.948097775,-3.695966977,Inhibitory Neurons,0,0,0,0,0,0,0,0,0,0,0,0,1.331592106,0,0,0,0,0,0,0,0,0,0,1.331592106,0,0,0,0,0,0,0,0,0,0,0,0,0,0,0,0,0,0,1.331592106,0,0,0,0,0,0,0,0,0,0,0,0,0,0,0,0,0,1.331592106,0,0,0,0,0,0,0,0,0,0,0,0,1.331592106,0,0,0,0,0,0,0,0,0,0,0,1.331592106,0,1.883143164,1.331592106,0,0,0,0,0,0,0,0,1.331592106,0,0
OPNA_Control_24h_AAATGGTGTATGGGACACTTTAGG-1,-2.026669094,0.879224401,Oligodendrocytes,1.129400867,0,0,0,1.129400867,0,0.716327026,0,0,0,0,0,0,0,0,0,2.527000867,0,1.129400867,0.716327026,0,0,0,1.129400867,0,0.716327026,0,0,0,0,0,0,0.716327026,0,0,0,0,0,0,0,0,0,0.716327026,0.716327026,0,0.716327026,0,0,0.716327026,0,0,0,0,0,0,0,0,0,0,0,0,0,0,0,0,0,0,0,0.716327026,1.830099324,0,1.129400867,0,0,0,0,0.716327026,1.129400867,0,0,0,0,0,0,0,0,0.716327026,1.830099324,0,0.716327026,0,0,0,0,0.716327026,0.716327026,0,1.420865705,1.420865705,0
OPNA_Control_24h_AAATGGTGTGAACCAAACTTTAGG-1,6.991063884,8.574735146,Oligodendrocytes,0,0,0,0,2.504378753,0,2.504378753,0,0,0,0,0,0,0,0,0,0,0,0,0,0,0,0,0,0,0,0,0,0,0,0,0,0,0,0,0,0,0,0,0,0,0,0,2.504378753,0,0,0,0,0,0,0,0,0,0,0,0,0,0,0,0,0,0,0,0,0,0,0,0,0,0,0,0,0,0,0,0,3.155804392,0,0,0,0,0,0,0,0,0,0,3.155804392,0,0,0,0,0,0,0,0,0,0,0,0
OPNA_Control_24h_AAATGGTGTGAGTAATACTTTAGG-1,-8.784388253,5.341960889,Excitatory Neurons,0,0,0,0,0,0,1.215815079,0,0,2.094222602,0,1.215815079,0,0,0,0,1.215815079,0,0,1.215815079,0,0,0,0,1.215815079,0,0,0,0,0,0,0,0,0,0,0,0,0,0,0,0,0,1.215815079,2.094222602,0,1.215815079,0,1.215815079,1.215815079,0,0,0,0,0,0,0,0,0,0,0,1.215815079,0,0,0,0,0,0,0,0,1.215815079,0,0,0,0,0,0,0,1.215815079,0,0,0,0,0,0,0,0,0,1.748518663,0,0,0,0,0,0,1.748518663,1.748518663,0,1.215815079,0,0
OPNA_Control_24h_AAATGGTGTGTGACCCACTTTAGG-1,-7.528911302,-3.106153745,Excitatory Neurons,0,0,0,0,0,0,1.048570183,0,0,1.048570183,0,0,0,0,0,0,2.329016738,0,0,0,0,0,0,0,0,1.048570183,0,0,0,0,0,1.048570183,1.048570183,0,0,0,0,0,0,0,0,0,0,1.549079706,1.048570183,0,0,0,1.048570183,0,0,0,0,0,0,0,0,0,0,0,0,0,0,0,0,0,0,0,0,2.129929368,0,0,0,0,0,0,1.549079706,2.129929368,1.048570183,0,0,0,0,0,0,0,0,1.549079706,0,0,0,0,0,0,0,1.048570183,0,0,0,0
OPNA_Control_24h_AAATGGTGTTTCCTGCACTTTAGG-1,-6.545360276,6.289688092,Excitatory Neurons,0,0,0,1.118604795,1.118604795,0,0,0,0,0,0,0,1.118604795,0,0,0,0,0,1.118604795,0,0,0,0,1.118604795,0,0,0,0,0,0,0,0,0,0,0,0,0,0,1.118604795,0,0,0,0,0,1.118604795,0,0,1.118604795,0,0,0,0,0,0,0,0,0,0,0,0,0,0,0,0,0,0,0,0,0,1.633381399,1.118604795,0,0,0,0,0,0,1.118604795,1.118604795,0,0,1.118604795,0,0,0,0,0,1.971542146,0,1.118604795,0,0,0,0,1.118604795,1.118604795,0,0,0,0